{"example1": [[1.1355314492465665, -0.02016377311061919, -434.56276725041806], [0.12014840143758329, 1.105788138052229, -67.6578129817304], [0.00014466901484610717, 9.23465795866279e-06, 1.0]], "example2": [[0.9999113005914635, 0.0001441493710010469, -113.05002618812613], [-0.00010346406415228042, 1.0001527285682918, -136.0297229361665], [-1.9485425242533777e-07, 2.038880775076178e-07, 1.0]], "example3": [[0.5257975416852363, 0.13316262660979775, 608.2168650281984], [-0.013297711376338023, 0.8937927312728536, -13.865265429582417], [-0.0003565993093808939, 5.242306596678548e-05, 1.0]], "example4": [[0.4476962309366642, 0.07701515603764618, 511.4812226371728], [-0.30260044838830397, 0.784441825227833, 148.91402935848578], [-0.0004044933381269544, -4.2607143874265536e-05, 1.0]], "example5": [[0.6419221454665843, -0.3673818829864105, 633.0156207261668], [0.3288317168532386, 0.9302726258397017, -179.58403916268446], [-0.00017938846084331953, 0.00010808931944159983, 1.0]], "example6": [[1.5267552912638616, -0.0314683667744922, -720.3600131708359], [0.17841051068807726, 1.282058175247879, -160.02760055705363], [0.00045858439641803035, -8.538362961245506e-05, 0.9999999999999999]]}