{"example1": [[1.1202410100910534, -0.032177595727638196, -424.44382503820333], [0.11171427661118508, 1.0759375080583626, -57.362282059068654], [0.00012928852962109728, -7.907369818306618e-06, 1.0]], "example2": [[0.9998293101826202, -0.0001795482605037647, -112.88654154354151], [-2.5456551630419056e-05, 0.9997430485154439, -135.9011602986157], [-9.127073895327465e-08, -1.9140886307878486e-07, 1.0]], "example3": [[0.488176453522934, 0.14226223199979285, 612.003494513542], [-0.021342098645861916, 0.8922177297405204, -11.963963287460814], [-0.0003797372678545105, 5.5970731152885734e-05, 1.0]], "example4": [[0.4312011996552749, 0.08272784320761213, 512.6691669880591], [-0.3079353088560264, 0.7843719341793758, 149.68766835125933], [-0.0004178374388188874, -3.76613971077746e-05, 1.0]], "example5": [[0.6727224196909323, -0.27240691775511916, 523.2536039372992], [0.2764136643277113, 0.8431302399995282, -138.26123493766215], [-0.0002356021170602769, 3.743386526446638e-05, 0.9999999999999999]], "example6": [[1.8906837441287176, 0.019568366830744227, -966.9486267440277], [0.2630786729356401, 1.6286427793802836, -311.81456873736795], [0.0006207668023840455, 6.021162661721236e-05, 0.9999999999999999]]}