iter	AUC	Logloss
0	0.8220212717	0.66627767
9	0.8247648963	0.5420147518
